Workbook

Sheet Instructions
A1: GENERAL PACKING INSTRUCTIONS FOR VENDORS
A2: 1. Pack each bag with the exact PCS/BAG shown in Box Information.
A3: 2. Print and apply the product label (see 'Product Label Sample').
A4: 3. Label every carton (see 'Box Label Sample').
A5: 4. Fill in N.W(KGS) per carton; gross weight and volume calculate themselves.
A6: 5. Bags over 5in opening need a suffocation warning.

Sheet Box Information
A1: BOX INFORMATION
A2: Fill in columns F, G and V only.
A3: Do not mix SKUs in one carton.
A4: Cartons must not exceed 22 kg.
A5: Dimensions are outer carton size in millimeters.
A8: ITEM SKU | B8: FBA SKU | C8: PRODUCT DESCRIPTION | D8: TOTAL PIECES | E8: Invoice Total per ITEM SKU | F8: Final total qty | G8: Balance | H8: PCS/BAG | I8: BAGS (BOXES) /CASE | J8: PCS/CASE | K8: # OF BAGS | L8: # OF CASES | M8: Box # | N8: PO # | O8: L (Inch) | P8: W (Inch) | Q8: H (Inch) | R8: LENGTH (mm) | S8: WIDTH (mm) | T8: HEIGHT (mm) | U8: CBM | V8: N.W(KGS) | W8: G.W(KGS) | X8: MEAS(M3) | Y8: Additional Instructions
A9: PC-8800 | B9: =XLOOKUP(A9,[1]All!$H:$H,[1]All!$A:$A) | C9: =XLOOKUP(B9,[1]All!$A:$A,[1]All!$C:$C)&" - "&XLOOKUP(B9,[1]All!$A:$A,[1]All!$D:$D) | D9: 120
A10: PC-8801 | B10: =XLOOKUP(A10,[1]All!$H:$H,[1]All!$A:$A) | C10: =XLOOKUP(B10,[1]All!$A:$A,[1]All!$C:$C)&" - "&XLOOKUP(B10,[1]All!$A:$A,[1]All!$D:$D) | D10: 240
A11: PC-8802 | B11: =XLOOKUP(A11,[1]All!$H:$H,[1]All!$A:$A) | C11: =XLOOKUP(B11,[1]All!$A:$A,[1]All!$C:$C)&" - "&XLOOKUP(B11,[1]All!$A:$A,[1]All!$D:$D) | D11: 360
A12: PC-8803 | B12: =XLOOKUP(A12,[1]All!$H:$H,[1]All!$A:$A) | C12: =XLOOKUP(B12,[1]All!$A:$A,[1]All!$C:$C)&" - "&XLOOKUP(B12,[1]All!$A:$A,[1]All!$D:$D) | D12: 480
A13: PC-8804 | B13: =XLOOKUP(A13,[1]All!$H:$H,[1]All!$A:$A) | C13: =XLOOKUP(B13,[1]All!$A:$A,[1]All!$C:$C)&" - "&XLOOKUP(B13,[1]All!$A:$A,[1]All!$D:$D) | D13: 600
A14: PC-8805 | B14: =XLOOKUP(A14,[1]All!$H:$H,[1]All!$A:$A) | C14: =XLOOKUP(B14,[1]All!$A:$A,[1]All!$C:$C)&" - "&XLOOKUP(B14,[1]All!$A:$A,[1]All!$D:$D) | D14: 720
A15: PC-8806 | B15: =XLOOKUP(A15,[1]All!$H:$H,[1]All!$A:$A) | C15: =XLOOKUP(B15,[1]All!$A:$A,[1]All!$C:$C)&" - "&XLOOKUP(B15,[1]All!$A:$A,[1]All!$D:$D) | D15: 840
A16: PC-8807 | B16: =XLOOKUP(A16,[1]All!$H:$H,[1]All!$A:$A) | C16: =XLOOKUP(B16,[1]All!$A:$A,[1]All!$C:$C)&" - "&XLOOKUP(B16,[1]All!$A:$A,[1]All!$D:$D) | D16: 960
A17: PC-8808 | B17: =XLOOKUP(A17,[1]All!$H:$H,[1]All!$A:$A) | C17: =XLOOKUP(B17,[1]All!$A:$A,[1]All!$C:$C)&" - "&XLOOKUP(B17,[1]All!$A:$A,[1]All!$D:$D) | D17: 1080
A18: PC-8809 | B18: =XLOOKUP(A18,[1]All!$H:$H,[1]All!$A:$A) | C18: =XLOOKUP(B18,[1]All!$A:$A,[1]All!$C:$C)&" - "&XLOOKUP(B18,[1]All!$A:$A,[1]All!$D:$D) | D18: 1200
A19: PC-8810 | B19: =XLOOKUP(A19,[1]All!$H:$H,[1]All!$A:$A) | C19: =XLOOKUP(B19,[1]All!$A:$A,[1]All!$C:$C)&" - "&XLOOKUP(B19,[1]All!$A:$A,[1]All!$D:$D) | D19: 1320
A20: PC-8811 | B20: =XLOOKUP(A20,[1]All!$H:$H,[1]All!$A:$A) | C20: =XLOOKUP(B20,[1]All!$A:$A,[1]All!$C:$C)&" - "&XLOOKUP(B20,[1]All!$A:$A,[1]All!$D:$D) | D20: 1440
... A22: PC-8813 | B22: =XLOOKUP(A22,[1]All!$H:$H,[1]All!$A:$A) | C22: =XLOOKUP(B22,[1]All!$A:$A,[1]All!$C:$C)&" - "&XLOOKUP(B22,[1]All!$A:$A,[1]All!$D:$D) | D22: 1680

Sheet Product Labels
A1: PRODUCT LABELS
A2: Print one label per bag.
A3: Rows marked DO NOT PRINT LABEL ship without a label.
A5: PRIORITY | B5: ITEM SKU | C5: 1. Pack Size | D5: Packs Required | E5: Total | F5: 2. SKU | G5: 3. Barcode | H5: Description
A6: =XLOOKUP(B6,[2]Main_Report!$A:$A,[2]Main_Report!$AA:$AA) | D6: =XLOOKUP(F6,'Box Information'!B:B,'Box Information'!K:K) | F6: MS-OLD00
A7: =XLOOKUP(B7,[2]Main_Report!$A:$A,[2]Main_Report!$AA:$AA) | D7: =XLOOKUP(F7,'Box Information'!B:B,'Box Information'!K:K) | F7: MS-OLD01
A8: =XLOOKUP(B8,[2]Main_Report!$A:$A,[2]Main_Report!$AA:$AA) | D8: =XLOOKUP(F8,'Box Information'!B:B,'Box Information'!K:K) | F8: MS-OLD02
A9: =XLOOKUP(B9,[2]Main_Report!$A:$A,[2]Main_Report!$AA:$AA) | D9: =XLOOKUP(F9,'Box Information'!B:B,'Box Information'!K:K) | F9: MS-OLD03
A10: =XLOOKUP(B10,[2]Main_Report!$A:$A,[2]Main_Report!$AA:$AA) | D10: =XLOOKUP(F10,'Box Information'!B:B,'Box Information'!K:K) | F10: MS-OLD04
A11: =XLOOKUP(B11,[2]Main_Report!$A:$A,[2]Main_Report!$AA:$AA) | D11: =XLOOKUP(F11,'Box Information'!B:B,'Box Information'!K:K) | F11: MS-OLD05
A12: =XLOOKUP(B12,[2]Main_Report!$A:$A,[2]Main_Report!$AA:$AA) | D12: =XLOOKUP(F12,'Box Information'!B:B,'Box Information'!K:K) | F12: MS-OLD06
A13: =XLOOKUP(B13,[2]Main_Report!$A:$A,[2]Main_Report!$AA:$AA) | D13: =XLOOKUP(F13,'Box Information'!B:B,'Box Information'!K:K) | F13: MS-OLD07
A14: =XLOOKUP(B14,[2]Main_Report!$A:$A,[2]Main_Report!$AA:$AA) | D14: =XLOOKUP(F14,'Box Information'!B:B,'Box Information'!K:K) | F14: MS-OLD08
A15: =XLOOKUP(B15,[2]Main_Report!$A:$A,[2]Main_Report!$AA:$AA) | D15: =XLOOKUP(F15,'Box Information'!B:B,'Box Information'!K:K) | F15: MS-OLD09
A16: =XLOOKUP(B16,[2]Main_Report!$A:$A,[2]Main_Report!$AA:$AA) | D16: =XLOOKUP(F16,'Box Information'!B:B,'Box Information'!K:K) | F16: MS-OLD10
A17: =XLOOKUP(B17,[2]Main_Report!$A:$A,[2]Main_Report!$AA:$AA) | D17: =XLOOKUP(F17,'Box Information'!B:B,'Box Information'!K:K) | F17: MS-OLD11

Sheet Packing List & Invoice Info
A1: PACKING LIST & INVOICE INFO
A2: Shipper: (vendor)
A3: Consignee: (importer of record)
A4: Use one invoice line per ITEM SKU.
A6: ITEM SKU | B6: TOTAL
A7: PC-8800 | B7: 120
A8: PC-8801 | B8: 240
A9: PC-8802 | B9: 360
A10: PC-8803 | B10: 480
A11: PC-8804 | B11: 600
A12: PC-8805 | B12: 720
A13: PC-8806 | B13: 840
A14: PC-8807 | B14: 960
A15: PC-8808 | B15: 1080
A16: PC-8809 | B16: 1200
A17: PC-8810 | B17: 1320
A18: PC-8811 | B18: 1440
... A20: PC-8813 | B20: 1680
A21: TOTAL | B21: =SUM(B7:B20)

Sheet Box Label Sample
A1: BOX LABEL SAMPLE - your label must look like this

Sheet Product Label Sample
A1: PRODUCT LABEL SAMPLE - your label must look like this

Sheet Check before Sending
A1: CHECK BEFORE SENDING (delete this tab before sending)
A2: [ ] Priority filled in, no zeros
A3: [ ] No formulas pointing to other files
A4: [ ] Rows without barcode say DO NOT PRINT LABEL
A5: [ ] PO # on every row
